address,txHash
12eQVBh2z8nkczbUV2k5GLRAkFo9QQ2Frm,9485e4862eab6fe41dcf1c0541f9bc261ebb430aa513ac4652f5089d52aa4e11
17CNQTTgUFDjNVgPCk93yY7WaKBHTkDGDU,9485e4862eab6fe41dcf1c0541f9bc261ebb430aa513ac4652f5089d52aa4e11
1PyU7Bv3yNnQFi5eXWSigPWP7ftwVgzGuM,9485e4862eab6fe41dcf1c0541f9bc261ebb430aa513ac4652f5089d52aa4e11
1EioQX65qJmgXpU4DxLLfVHZfvkvS4yadq,bc796a21e91088000400e9be95a91cb75842f18cf65bd937aff0a0cba3d78dc9
1J6vYTnmnZGsfF11WFw3vgKncejv7zux6C,bc796a21e91088000400e9be95a91cb75842f18cf65bd937aff0a0cba3d78dc9
1KL6SSY9SWob44mPrLDoBzN1WgLk7TgsmT,84cfc4b1b7d1c441a9f48dd240455d536e19d1c2f599f0189baf3cd0aa7f32ac
19SKGPNSu5R77E9JF4qwe1NMtJtjz1QLwS,84cfc4b1b7d1c441a9f48dd240455d536e19d1c2f599f0189baf3cd0aa7f32ac
1LgEqSP1JSUbf52m6ExrdChN7MoHDvpyX3,84cfc4b1b7d1c441a9f48dd240455d536e19d1c2f599f0189baf3cd0aa7f32ac
1AwiBfmUpmk9jXemLSMGvfFkwqKqmkkhTv,84cfc4b1b7d1c441a9f48dd240455d536e19d1c2f599f0189baf3cd0aa7f32ac
1M3Tq32kyQqQsQZmsCPTrJfSSDchdr5fvx,84cfc4b1b7d1c441a9f48dd240455d536e19d1c2f599f0189baf3cd0aa7f32ac
17r7cpzaL48hzCv1bNeyGxyQM5oihjz9z5,84cfc4b1b7d1c441a9f48dd240455d536e19d1c2f599f0189baf3cd0aa7f32ac
19F1TRcnzB3QFi3oVB8X1NbCtDHb94WuL3,84cfc4b1b7d1c441a9f48dd240455d536e19d1c2f599f0189baf3cd0aa7f32ac
1VmrS8K6dfuEa15HDGXkxya1NyiWPha9Y,0781722731fec107b1efc39e7403d1e89ae139bea92a79966aeacdadd2eb5de0
1wYZSm4FVkGyMvPMi81DPQHem4pTnwTv2,0781722731fec107b1efc39e7403d1e89ae139bea92a79966aeacdadd2eb5de0
17KDqun3o6Q5ga2XuckesfXQbHt2iyyNM9,7137ab3291b3f731345dd5bec386d4b049f91b747f609786ac506b112ed03aef
1CLtx8Am8n4vkPuM1LnJNZErvdKYL5yMiU,7137ab3291b3f731345dd5bec386d4b049f91b747f609786ac506b112ed03aef
1DmVBQzGFyeK9hvkKGHTbn2FpfEB8Gh6w4,7137ab3291b3f731345dd5bec386d4b049f91b747f609786ac506b112ed03aef
12YhbsiZ33qcokHp5hA9ZkVhqsgpKXfcDA,7137ab3291b3f731345dd5bec386d4b049f91b747f609786ac506b112ed03aef
12zTAe6JLWq8Qqsy31J9LPj5QNc7k6njUy,7137ab3291b3f731345dd5bec386d4b049f91b747f609786ac506b112ed03aef
1Hid5iJtKbPW9Bt1FfAJfXq9rSrSmkzKR6,7137ab3291b3f731345dd5bec386d4b049f91b747f609786ac506b112ed03aef
1HtxDsJWNma9QKeNPtE1te2T5xaPHB3tFP,a8a14643b90d7ed39b03741e0016b481327fe6713509da72d79fbf9e9db99969
1CugzybbsGGpjEoAQzSSDPTQn2zA9iyfz4,a8a14643b90d7ed39b03741e0016b481327fe6713509da72d79fbf9e9db99969
1MWhk7t3WKt9SqkpLBf1izBD7YoDp1xmmi,d178c9cc7851b31fa13ae5d9d80210d83481fe3433e56b798129a8456c70ef8a
19k4veCbkakGHBA87tr325Y1Wf1WYy16NE,d178c9cc7851b31fa13ae5d9d80210d83481fe3433e56b798129a8456c70ef8a
16NWQgCyZoRXqRwxcoguPzXvhuyMHSMggq,d178c9cc7851b31fa13ae5d9d80210d83481fe3433e56b798129a8456c70ef8a
1FezVWw48UvqDHJEm7pkTvqxG3nagKHfBn,d178c9cc7851b31fa13ae5d9d80210d83481fe3433e56b798129a8456c70ef8a
18LT3YCtcKNPBWxMHBePBu6Npf2w1uB4iv,eec0c36181b4f8553fc6f6d09cf46bff5192f52baf606ec1de8f45c6e8e01b53
1LENpK3JuR3bmWMak1Tbgo3axHAGwY2nH1,eec0c36181b4f8553fc6f6d09cf46bff5192f52baf606ec1de8f45c6e8e01b53
1W7zk6MUhBtjP3oxovXjXeHCBakcczJ3u,8a115327c7ca57c76e23982c18b469d1045dd3ae3782aea813513cb27c91a25a
1jkjQXFk7q6D6Y7jSTY5dEYUP7aAXyqeM,8a115327c7ca57c76e23982c18b469d1045dd3ae3782aea813513cb27c91a25a
1BkqoUYyF5EYwiaNZEgyT9j8hhKdcFVA4k,8a115327c7ca57c76e23982c18b469d1045dd3ae3782aea813513cb27c91a25a
1MuYsC9gwV4Fkmx7NjXJDNYVScnLAJz5iu,8a115327c7ca57c76e23982c18b469d1045dd3ae3782aea813513cb27c91a25a
18UqJ5JNhutkFVjqduDLWpfpbpojAk23ho,8a115327c7ca57c76e23982c18b469d1045dd3ae3782aea813513cb27c91a25a
1LrwUWpCNdpfp1hPubB7ZpWdLwm53BwEy6,8a115327c7ca57c76e23982c18b469d1045dd3ae3782aea813513cb27c91a25a
1K8TcazbEMCoDK82b2b91P4Hp8xJntSE1f,fb3f12aae691c388372ad08824c20f826bfbd4e61ce789f6219fa0a75e8039b7
18qcBW5sCMLp3sdNTtmmWxf3iVNzdRfZGZ,fb3f12aae691c388372ad08824c20f826bfbd4e61ce789f6219fa0a75e8039b7
1Jfmz38aYyFcKH1Vt3izfhdu2mhNBJWuMQ,d603200286cd1c78c0e8dd518bffaebf1f87000bc2ba9db55ffd535b6232a502
1LJpkLYTyCpJBBdsiKavj1Qhau4rmU5S2B,d603200286cd1c78c0e8dd518bffaebf1f87000bc2ba9db55ffd535b6232a502
16wZFmM5sdh3mY1Rf4Tyy7mp4jhx7Qexqe,d603200286cd1c78c0e8dd518bffaebf1f87000bc2ba9db55ffd535b6232a502