txHash,date
075ec290203234211394a6c3d6d1aaca37156e389ec12edbccdf8b5ef2f1eddc,2011-10-19T23:28:35Z
fc5b088f40d0f597741abcad19c57e16bf623089309d7982a90cd73c1f54df08,2011-10-19T11:34:30Z
347b35171bad3a11f0caa7a7321170f6fc3a63df1d677b36b7421284871a99a3,2011-10-19T10:35:27Z
024a73946b05ecce3e3e7f486d2a89372b2f67912976b7267123a8bc7da86e5c,2011-10-19T21:16:43Z
4b2312a59a9bbeae5fbfc4feeae0551621b7722aeaa1fd88ca21814520bf49c1,2011-10-19T11:34:30Z
a4d5ee2f72aca324313241834064d790e875de173a9d3d94b69da0e047bf8510,2011-10-20T04:42:33Z
a4d89d5ffb2dffcfa3f83a0a39f9081e8d16aab2f0c7edb2d56c12d1c0bcf1a6,2011-10-19T21:16:43Z
9702f2a4007b5d940173ecab380ff7a823a0461ca9fc52c1d08ad9fbc5cbccc1,2011-10-20T00:09:31Z
895ede8acb29303d61a91684d8f894d27fc2b7c6d03d01281797afc40f646158,2011-10-19T11:34:28Z
b055d3543a772e9b67f69c435a8dab6bdd8c4ba03b8af65abcebce740693a8ec,2011-10-20T09:11:17Z
1db1df3098dc6f0e4b668bc2e54abd0b4f05a6fd18aa17adca4b7360545a6477,2011-10-19T16:14:01Z
a76260b677f41c0b1ba1121ef38bfe110b4873263b2790235235ac178e4a38cc,2011-10-20T09:11:17Z
d366e4e765583b62f12945c47f0bf635e796086fb49ba9c5608cbfb9b0596e7e,2011-10-19T11:31:26Z
d366e4e765583b62f12945c47f0bf635e796086fb49ba9c5608cbfb9b0596e7e,2011-10-19T11:31:26Z
773226d1b17fe64dfe14300d1a7d699444ba677005550dbfefa314461c0aac7e,2011-10-19T12:24:08Z
7dda0e3f57729b70f69a62a379a17f3ffad5c704d2033ae426d45c662c877a04,2011-10-19T10:47:36Z
709305a0afe70e39d765ae0639d2be5b7765973f09b083639d19df72b0776f70,2011-10-19T11:31:26Z
6b777bc4144dd86ffd988c0d058feb405127dc4b39a5cea159e7df88a7d17762,2011-10-20T01:23:17Z
ea66850298cc330c84847630d8192d24ea664d055bc6a9548ce9da49d181ed02,2011-10-19T11:34:28Z
05217c2583735bb274ff1e7401c31b2805b03c4d9d5907c1489fbfabd10c6de5,2011-10-19T11:34:28Z
5f6fed3447530679db96a4260a69976f372abca5e93c98aa5d926d50011eb24e,2011-10-19T17:44:05Z
f362243f3b44883bb4659533e51df56ad6254de37a33e1d4e8c6c6fbc6720c3b,2011-10-19T11:34:30Z
6f6721b5c0ce43112eb309d2fe0bfc47f05a0191c2342ad0fe07e48ed2303c35,2011-10-20T05:48:31Z
78a79ceacfb17ae125d78a8d6619467f56c5a56a2f8e1226774491fb292da1ec,2011-10-19T23:28:35Z
e83c48fdc062a04360e22b7d646e32490f39ccd9e9f4aa058fef6f3e066611a2,2011-10-19T23:38:49Z
100a776847c80201ca6efa5605b806ec770c105af95972eb522e45af385b3892,2011-10-19T11:58:02Z
a11d44b232bc37ef2e0fb69f9b821e2c7676d321b1f2660ed448b1368ff22b07,2011-10-19T11:34:30Z