txHash,nextTxHash,protocol,metadata
43145a883d0effa16b769306bd63a5b281d987acdd5bb1f2e1b2d866a947dcda,8eba4b3f1681f12602ae6f876604d59cfa592011f6ecbf512ff587bdfa9b7909,unknown,382ec9a4ddfd1ab9170585653465c49cf29eaa8160dfea0dbaaf304a8e26aa45357c001d8d344be2
43145a883d0effa16b769306bd63a5b281d987acdd5bb1f2e1b2d866a947dcda,2e69857ea2ab68376ae45ba1877e184bf94108bb22db1d1bf861f64eb4aa40bd,unknown,4791f3ae8d7c821c77f89310cea9d24867f5b8caaf0d5ac93fd50306a0789061660c412abee55102
43145a883d0effa16b769306bd63a5b281d987acdd5bb1f2e1b2d866a947dcda,dce38c240ff4239974e13b6406ed8713a363111e139eb4d5100d6cd3b8b89890,unknown,4b2955f43e949112b6dcfbf4b9a22be65bbf407a44e2f513f995304ca14465ec6a07df7fa4d51716
43145a883d0effa16b769306bd63a5b281d987acdd5bb1f2e1b2d866a947dcda,3e0c625094c4ccf184dd0e006a782d1eab35e3d5387576050a24dadd7e3516d3,unknown,3dfe3bfaba7826f7e8f366a7f8d017964a21f89e914513eda7d9e5f4f7f8cac90deee2ceff10d0e5
43145a883d0effa16b769306bd63a5b281d987acdd5bb1f2e1b2d866a947dcda,133424ee6d34abf6b6e37ec1ad118ef0f9cd0b5c76b234ebf7de54de1dfa6937,unknown,16135495f592d7fddc7960c7821d9a828d
43145a883d0effa16b769306bd63a5b281d987acdd5bb1f2e1b2d866a947dcda,6e0374713f1a38c8ea6b271d461bbdc55fc64ead6c7b2cd4d9f10ce2ff95b186,unknown,c3a4c3acc3acc2abc3a4c3a9c2acc39ec390c2b0c384c2b1c3b40003
f05bc8d701f99256d255b32d89eeee7d079c2ca69813f54acdb13a803d493c2c,b2c992c2af17ab3f6538bf33bdffe570dfe71af5c148fa365a50f0086c96b2cc,unknown,0921646c726f57206e696f63746942206f6c6c6548203a203174736574
f05bc8d701f99256d255b32d89eeee7d079c2ca69813f54acdb13a803d493c2c,8346b627d73d96facb15a874376fac36c51e4a32c493ff2214bc15cbdf899c8e,unknown,7465737431203a2048656c6c6f20426974636f696e20576f726c6421097465737432203a2048656c
f05bc8d701f99256d255b32d89eeee7d079c2ca69813f54acdb13a803d493c2c,31dd3cd9a63f07e3e895172e3538ad7b3b880042a2357e2c9513d3954e219d29,unknown,6c6f20426974636f696e20576f726c642109
f05bc8d701f99256d255b32d89eeee7d079c2ca69813f54acdb13a803d493c2c,9fa163747f05e87e8ce02b4da24ed8e23091c39d6f3cb519627638ea2dedbaf9,unknown,646f6732386a646a
f05bc8d701f99256d255b32d89eeee7d079c2ca69813f54acdb13a803d493c2c,14b30c80a0ce05aa46ce8adebfd8975b55af344699fb95f33b36221566c5f635,unknown,386a646a32646f67323f
f05bc8d701f99256d255b32d89eeee7d079c2ca69813f54acdb13a803d493c2c,c7f38f46018adbc9997de3c93af992faa9c0e99f318e00539db3c1d3091e7016,unknown,626232206e6f2e31
f05bc8d701f99256d255b32d89eeee7d079c2ca69813f54acdb13a803d493c2c,c52ea24d45d96a548edac544762368119831fdff9291d0ffc303ebf68b802d92,unknown,050095490f4178a8b6ffa1564735761d38a03ff7072f77ee46f0115e171873d0e43d
13eb1cdf10fef96585255253af23dad7ac54ce638a8d1c82b5e30dd9b4124fb6,bea7d97436c911ccce50d8a6d926d8c640a6e04a839c46f97caf59608e299a62,unknown,49206465636c617265204b6977695368696c6c696e677321
13eb1cdf10fef96585255253af23dad7ac54ce638a8d1c82b5e30dd9b4124fb6,f341365a9776aa034ebd3d8d9d4ceed0b674eaae728248198a171dce84921d18,unknown,49206465636c617265204b6977695368696c6c696e677321
5d8b38b3449ea9b1b0928b25f11b252f85ab28038c0f95a1cea3370c88c36fb9,1d5049099273525938e63cfff13d7c2c77d2e572f43218fd0fc50b469ece503a,unknown,4791f3ae8d7c821c77f89310cea9d24867f5b8caaf0d5ac93fd50306a0789061660c412abee55102
5d8b38b3449ea9b1b0928b25f11b252f85ab28038c0f95a1cea3370c88c36fb9,d8c659cba263081b6e43da5d959aa7169e6c9880b7960890a027b92536caaf8d,unknown,4b2955f43e949112b6dcfbf4b9a22be65bbf407a44e2f513f995304ca14465ec6a07df7fa4d51716
5d8b38b3449ea9b1b0928b25f11b252f85ab28038c0f95a1cea3370c88c36fb9,65b9a25bd2aa42eb794d022c4654672e7403f5266156119da2486de5d6cedffb,unknown,3dfe3bfaba7826f7e8f366a7f8d017964a21f89e914513eda7d9e5f4f7f8cac90deee2ceff10d0e5
5d8b38b3449ea9b1b0928b25f11b252f85ab28038c0f95a1cea3370c88c36fb9,7ed670505d2ddbb111293f00c2838ca7d2ec3646dc35a354c6997a6b77fa31c1,unknown,16135495f592d7fddc7960c7821d9a828d
5d8b38b3449ea9b1b0928b25f11b252f85ab28038c0f95a1cea3370c88c36fb9,e2412d984e7624ce9e544a74d55958143ec5b438c78ea2d2adbbc5f1fae854f6,unknown,c3a4c3acc3acc2abc3a4c3a9c2acc39ec390c2b0c384c2b1c3b40003
6be77f5ecd47308132ef565404611bea62cbfa9e43b316fedb4600ab3a52e69c,5df4830155f79a3df471ff6360eea02bd1a271bb30c2cf0151ee85faa5299c0a,unknown,c3a4c3acc3acc2abc3a4c3a9c2acc39ec390c2b0c384c2b1c3b40003
045d5525f84b0fc453393002d67984a1ea3c04796d55a36d79f6f68d6d8a74f5,28cf1dce7f3d3f0d468e5f04e5a96f809f441aef24c0e8141a1681c7cefc0021,unknown,062e5e559902f11f713768d4eb9d239247ca071c42a3156ab9a1b1bc4618bfbf4e2672ef6721
815620ce1452cff4d033ba04ec64035a3a2c24311b143349c5bdfe7b2a15a249,fc2a62e0ca1a033f440c0076cb53b8e68a63cd9710a8d505f7afdf3dc5fd257f,unknown,646a646664686766646866642c8ca1c9122dee752192c12110ee58d7128b8f7f8b6bc1c45fb6d274
aa159ff4b68520a7409d3cda9b633841228a55c38c5869142a7e74bea4730846,82a1f539de7ab575a9310485623c8a86abd81342f84982b0417b5e124413b0ee,unknown,0640d92b2103f42cecb39b80d660a9f9faafdc769cdf8cf49051f0c5880230a8fee1fa9c0be8
aa159ff4b68520a7409d3cda9b633841228a55c38c5869142a7e74bea4730846,22cf17d1a95205996ac1285871260261607176b0e5316319874e708eeef982cd,unknown,06795c84e702e7392dc0787c0a042c02df0f1182e955500d708b6d190329e39fbe73c7fd95fc
e2ae7ce466668e318aac7299add6fd313612692b12f1b6fd0895b249f7e5d7ce,4e69ea596ca8935db8fcca5de02d412b54d5c7a11b7591e60634bd0090d687b1,unknown,85e549c57c6960154e3f869547b5823bbb5547034b6a82f59962e9041c30dcb2
e2ae7ce466668e318aac7299add6fd313612692b12f1b6fd0895b249f7e5d7ce,ba3c8debb612e05d2ad1228ab80170dfbf466f522c788cf3b77c8c9a77de6d37,unknown,336389675526763800ea04ef36188588e328baf6cf431fd7f7480fab745f4beb
e2ae7ce466668e318aac7299add6fd313612692b12f1b6fd0895b249f7e5d7ce,dc80601114b7db65b1fe2e16f2cd5be0c5f535f0ee7386d894974102cf8781ff,unknown,4f68095b32c5dca4a4a2b31d307c784f0d4d45993b7bab4c6853e9e0906f43fb
e2ae7ce466668e318aac7299add6fd313612692b12f1b6fd0895b249f7e5d7ce,915e5bde1f9ee515d5a82baeadb85af17445927bf8afea070bda3b84fdf27357,unknown,6dcac450e2ca1295de8bb22ef5fda56466f388b04214b07aabce0496f8f26a69
e2ae7ce466668e318aac7299add6fd313612692b12f1b6fd0895b249f7e5d7ce,954c81ec9463ae9c78fc2e670303761c7fd2b4ef1824975a6b0f1835b4b7946b,unknown,7bdc333a81a63fb90dd76b173173be7409c8251302afe7cd4db227e8f5871256
a4ebb9119fefabbd1d75a66da49339430682ecaf2103dbad4b1ee2d648584d30,78a370e780b31a0f10dc1e917f2f69bd46ff75494e9f7bb56f905f6cb3e5831b,unknown,d6c9cb5ff698cde1589c31d0dc094266965bea3a32b9ad35bd0d0267c86cc78f131b115ca89ab660
4bfc1a6358dabb7387302c75994a8aae64e58e142b581f57c21e39b820667762,bbe18a136e0b8cac93ca34442cafeb041ff9614dd426e1efe2a5fe91639b5e92,unknown,c3a5c3b1c3b1c3adc2b7c2acc2acc3a4c3acc3acc2abc3a4c3a9c2acc3a9c3b3c3a3c391c3a4c380
1c9df9ca3ac48e9c77a1461fbcc3024ecf15c8942ac3a7a7d7b23ec872682450,d516ff95c259aca17f682a0a37880546262d2af2b864b317523f29eee574735f,unknown,546f204f505f52455455524e2c206f72206e6f7420746f204f505f52455455524e2e
8baac6895c013d91ee0f0b8228bc875c6289988fc742e66047048556dca1a6ed,7f222852146dc7e469cfcac4cca5b411a6010fe4ac919ecff8518094fcff165a,unknown,c3a5c3b1c3b1c3adc2b7c2acc2acc3a4c3acc3acc2abc3a4c3a9c2acc3a9c3b3c3a3c391c3a4c380
4ef971b4ae845a290b4a6d259560416bb92bc28b2b96f7a06d663c1c584dac32,5781ba4c4324cc2914d613da735d24ee184e95b3e22a88ac971b54a4b44dfe47,unknown,0092823db4f224c9465ae3c84cb9f6b3eef5ae0e9f85a1b93ec8c8404aad40299d93ae57fe601999
4ef971b4ae845a290b4a6d259560416bb92bc28b2b96f7a06d663c1c584dac32,9f7cfdcfc6e99adb968fd15163b227aefaf580d6f534b928f534dbd719589dda,unknown,8663ee7d673917e4c51ad68cf98a0ada60dd4fc0f9149ef0989cccdc099d1a495e65d52ea6c549c4
4ef971b4ae845a290b4a6d259560416bb92bc28b2b96f7a06d663c1c584dac32,407defb84f2a68045e6a1ced44cba33179ce3225e059369faf56c9c38c11ea32,unknown,382ec9a4ddfd1ab9170585653465c49cf29eaa8160dfea0dbaaf304a8e26aa45357c001d8d344be2
4ef971b4ae845a290b4a6d259560416bb92bc28b2b96f7a06d663c1c584dac32,680f108efae5defd91a29543929a8e28f88785f12d98e47ce636c5f1d858e660,unknown,4791f3ae8d7c821c77f89310cea9d24867f5b8caaf0d5ac93fd50306a0789061660c412abee55102
4ef971b4ae845a290b4a6d259560416bb92bc28b2b96f7a06d663c1c584dac32,8db5a8346fd64c9ed246e0a9baebecfc26741bb7f3e6c24018b929b7d0cbe116,unknown,4b2955f43e949112b6dcfbf4b9a22be65bbf407a44e2f513f995304ca14465ec6a07df7fa4d51716
4ef971b4ae845a290b4a6d259560416bb92bc28b2b96f7a06d663c1c584dac32,cf69bd26b6ea46353de1a819e282787634cfa8c933eee13b30dc08e880bc6db1,unknown,3dfe3bfaba7826f7e8f366a7f8d017964a21f89e914513eda7d9e5f4f7f8cac90deee2ceff10d0e5
4ef971b4ae845a290b4a6d259560416bb92bc28b2b96f7a06d663c1c584dac32,bbe76040aba6f5ac34fd774d9cdd4b743f2ccabeaf0826469e8f5bd46c644093,unknown,16135495f592d7fddc7960c7821d9a828d
4ef971b4ae845a290b4a6d259560416bb92bc28b2b96f7a06d663c1c584dac32,19b28eaa27be1d2b8f3659a68a02e9d46878a4e90aaa14301f9bd551d8e2ca35,unknown,c3a4c3acc3acc2abc3a4c3a9c2acc39ec390c2b0c384c2b1c3b40003
f895b76d9a99ddaaf2da896e9fc70e8e527a3f866c480abdfc0100a1cd9f63e4,8e756c274081b7a4970b9670af1864ea0a4f49493a723988de6dcc75744410d9,unknown,3dfe3bfaba7826f7e8f366a7f8d017964a21f89e914513eda7d9e5f4f7f8cac90deee2ceff10d0e5
f895b76d9a99ddaaf2da896e9fc70e8e527a3f866c480abdfc0100a1cd9f63e4,34b088b0ef2a9f12590539773f1651ee6e4c7be886168adee7512f8b96d65913,unknown,16135495f592d7fddc7960c7821d9a828d
f895b76d9a99ddaaf2da896e9fc70e8e527a3f866c480abdfc0100a1cd9f63e4,4136f0d1edf38368671917a312908fb2cdc18006158b9a56a48b491bfeed925f,unknown,c3a4c3acc3acc2abc3a4c3a9c2acc39ec390c2b0c384c2b1c3b40003
bc7c5cc594fe4d6506790377d81643bae64323560ecca8ebcec2b8ef756791af,ba108ef342093deb6779fedae82a4451c545575d2225f4d32548240dde241f0a,unknown,0687b64a7202774f66f29ec4746656d942a02d7f46fb27a7928d1c52d8d98c4f9f28cf2a50f4
7a3ba4c9fcbd6fcbef4b9ac65ca56204a32de421147a6847556005aacafe8fb7,c555c4cf822d24451229e47830a19a07b5f99fed32be3e6b337431240fc5a2f5,unknown,382ec9a4ddfd1ab9170585653465c49cf29eaa8160dfea0dbaaf304a8e26aa45357c001d8d344be2
7a3ba4c9fcbd6fcbef4b9ac65ca56204a32de421147a6847556005aacafe8fb7,a9ded91645bda5de15d04721bdf8d6706e5b9cc5a9beadb5fdf452a8ba3adda3,unknown,4791f3ae8d7c821c77f89310cea9d24867f5b8caaf0d5ac93fd50306a0789061660c412abee55102
7a3ba4c9fcbd6fcbef4b9ac65ca56204a32de421147a6847556005aacafe8fb7,a4f2f448fd3cfb8abeaa0d8138e2d7ec8486b7aa1f5c13597bf50e860ebb38d0,unknown,4b2955f43e949112b6dcfbf4b9a22be65bbf407a44e2f513f995304ca14465ec6a07df7fa4d51716
7a3ba4c9fcbd6fcbef4b9ac65ca56204a32de421147a6847556005aacafe8fb7,338b1fb92f10412e6c929b0e8090ed299af32d2b627ccbeea6a78fdb862a0ae7,unknown,3dfe3bfaba7826f7e8f366a7f8d017964a21f89e914513eda7d9e5f4f7f8cac90deee2ceff10d0e5
7a3ba4c9fcbd6fcbef4b9ac65ca56204a32de421147a6847556005aacafe8fb7,ce3aaee122c8a1045120974dd3a0d29bd61b683701a9bf16aadc268f20ecd862,unknown,16135495f592d7fddc7960c7821d9a828d
7a3ba4c9fcbd6fcbef4b9ac65ca56204a32de421147a6847556005aacafe8fb7,edd7af1c9c232914f14e119bd0145274159acabb30a831d02114aa2505841f75,unknown,c3a4c3acc3acc2abc3a4c3a9c2acc39ec390c2b0c384c2b1c3b40003
2fe5543b26e65b5c5b185638df8d58d2df13eaedab869aa2829e313d568649a6,02d88fa4f0fbe7c1afb1b471219c158e227a3c7b1af682632d7a759e0dfd8e60,unknown,16135495f592d7fddc7960c7821d9a828d
2fe5543b26e65b5c5b185638df8d58d2df13eaedab869aa2829e313d568649a6,d2e3701a2089d712211587f22700d89af4d941e6f9e339e342fb798fac521398,unknown,c3a4c3acc3acc2abc3a4c3a9c2acc39ec390c2b0c384c2b1c3b40003
24145485a2e5b49d8f21f6e52cab3876e6d03ec702a4edffe07e14b91e55dd47,f0cf6a950f16468e62fd2fc9fd29e4f11072650ab6212312b94da9ba688c1059,unknown,382ec9a4ddfd1ab9170585653465c49cf29eaa8160dfea0dbaaf304a8e26aa45357c001d8d344be2
24145485a2e5b49d8f21f6e52cab3876e6d03ec702a4edffe07e14b91e55dd47,53f2d56d947b1061c4624bdc4ac332facd38474576ca47e22a069af2543f3823,unknown,4791f3ae8d7c821c77f89310cea9d24867f5b8caaf0d5ac93fd50306a0789061660c412abee55102
24145485a2e5b49d8f21f6e52cab3876e6d03ec702a4edffe07e14b91e55dd47,acc06479ce7a48435744d6d6b36c5fcc971900c70fc5be0d32b214824e713b1f,unknown,4b2955f43e949112b6dcfbf4b9a22be65bbf407a44e2f513f995304ca14465ec6a07df7fa4d51716
24145485a2e5b49d8f21f6e52cab3876e6d03ec702a4edffe07e14b91e55dd47,2fe5543b26e65b5c5b185638df8d58d2df13eaedab869aa2829e313d568649a6,unknown,3dfe3bfaba7826f7e8f366a7f8d017964a21f89e914513eda7d9e5f4f7f8cac90deee2ceff10d0e5
24145485a2e5b49d8f21f6e52cab3876e6d03ec702a4edffe07e14b91e55dd47,02d88fa4f0fbe7c1afb1b471219c158e227a3c7b1af682632d7a759e0dfd8e60,unknown,16135495f592d7fddc7960c7821d9a828d
24145485a2e5b49d8f21f6e52cab3876e6d03ec702a4edffe07e14b91e55dd47,d2e3701a2089d712211587f22700d89af4d941e6f9e339e342fb798fac521398,unknown,c3a4c3acc3acc2abc3a4c3a9c2acc39ec390c2b0c384c2b1c3b40003
b42c34830731cbd68f52f2bdd966198b58cc611f50702f3667cfa5d3094680c1,1e989bff7a45c63759ce6978a8c104ef9430e5838e109cc11c548714fc848bbb,unknown,59454a138074a53fb4a810dfd9a58450136ee554
b42c34830731cbd68f52f2bdd966198b58cc611f50702f3667cfa5d3094680c1,68e59e4edca5ae9240ba58a428b6605b3f5c355fcd0dddff64e948ac7b96eb28,unknown,59454a138074a53fb4a810dfd9a58450136ee554
b42c34830731cbd68f52f2bdd966198b58cc611f50702f3667cfa5d3094680c1,efad6d389debce7cc6fe9f8f3211e0abdb7342808e729246ac73b96aa36949a6,unknown,59454a138074a53fb4a810dfd9a58450136ee554
dce38c240ff4239974e13b6406ed8713a363111e139eb4d5100d6cd3b8b89890,3e0c625094c4ccf184dd0e006a782d1eab35e3d5387576050a24dadd7e3516d3,unknown,3dfe3bfaba7826f7e8f366a7f8d017964a21f89e914513eda7d9e5f4f7f8cac90deee2ceff10d0e5
dce38c240ff4239974e13b6406ed8713a363111e139eb4d5100d6cd3b8b89890,133424ee6d34abf6b6e37ec1ad118ef0f9cd0b5c76b234ebf7de54de1dfa6937,unknown,16135495f592d7fddc7960c7821d9a828d
dce38c240ff4239974e13b6406ed8713a363111e139eb4d5100d6cd3b8b89890,6e0374713f1a38c8ea6b271d461bbdc55fc64ead6c7b2cd4d9f10ce2ff95b186,unknown,c3a4c3acc3acc2abc3a4c3a9c2acc39ec390c2b0c384c2b1c3b40003
47b19cea381511565e674f022159a81a8380d8990dad9f05c58ade8cb18a4ee0,eb618dc34e332b89802f625b7102acf938b3726dd1de2178f2c352d17da8d979,unknown,40636861726c65792c33372e3737313234332c2d3132322e343330313830
47b19cea381511565e674f022159a81a8380d8990dad9f05c58ade8cb18a4ee0,a6f2a3643369a2cfcf2cd594f1d9c69245bab1840a925e3cf7cf126b60961da2,unknown,40636861726c65792c33372e3737313232352c2d3132322e343330323838
47b19cea381511565e674f022159a81a8380d8990dad9f05c58ade8cb18a4ee0,d0743078b330d73abf8cf4215ff72576f3b65c284e755d30eb938b8366082ddd,unknown,406d6174746d6174742c33372e3737313238372c2d3132322e343330323139
47b19cea381511565e674f022159a81a8380d8990dad9f05c58ade8cb18a4ee0,7522f89df9376c23db0cbd13aec9106449024f9f338ccd0304c3b3db89f06801,unknown,407365616e6e75692c33392e3735333634342c2d3130342e393938323336
47b19cea381511565e674f022159a81a8380d8990dad9f05c58ade8cb18a4ee0,6f1fa3f7df4a0faad858ba753b0d21dcd992f79830458d4ca7304dca47582b42,unknown,40636861726c65792c33372e3737303838302c2d3132322e343332303031
47b19cea381511565e674f022159a81a8380d8990dad9f05c58ade8cb18a4ee0,cb913f27d9e16297f373c9193f273ef374531f138101eae85e3b80ae4708862b,unknown,40636861726c65792c33372e3737303835392c2d3132322e343331393935
47b19cea381511565e674f022159a81a8380d8990dad9f05c58ade8cb18a4ee0,260ed16864ebefca9606a730364ba0a4b565c015b4719692a71f7233eb6ac31e,unknown,40616c657863757361636b2c33372e3737343230382c2d3132322e343433313238
47b19cea381511565e674f022159a81a8380d8990dad9f05c58ade8cb18a4ee0,763754b5011572541f4433954e4426bade7343211ad690b13bda35e8ac7ad842,unknown,40636861726c65792c33372e3737333537332c2d3132322e343133323939
47b19cea381511565e674f022159a81a8380d8990dad9f05c58ade8cb18a4ee0,41f4fec0e5717b032176da36093cc427655221d1619d446138c528b8bf857f9f,unknown,40636861726c65792c33372e3738373739352c2d3132322e343139373039
47b19cea381511565e674f022159a81a8380d8990dad9f05c58ade8cb18a4ee0,653c9b7916d56dc99203e961b81d35e245c8e92ac08a594e70d203f3c4ae70cc,unknown,40636861726c65792c33372e3738373739362c2d3132322e343139373038
47b19cea381511565e674f022159a81a8380d8990dad9f05c58ade8cb18a4ee0,ac8777c3896921ff7cfaeec7a101ec413773603b26796ba2321008920fab11e8,unknown,40636861726c65792c33372e3737333339362c2d3132322e343133313830
47b19cea381511565e674f022159a81a8380d8990dad9f05c58ade8cb18a4ee0,c22b7817abe0324cec99b28796f19c58f82c669b2cf069b6ef038e11fc349b77,unknown,40626974636f696e732c34332e3635353535302c2d37392e333635323135
47b19cea381511565e674f022159a81a8380d8990dad9f05c58ade8cb18a4ee0,705045b408f7657cfd4f3924f984bf043e7e5069ba0b00661f68101a253593c2,unknown,40636861726c65792c33372e3737333238372c2d3132322e343133313634
47b19cea381511565e674f022159a81a8380d8990dad9f05c58ade8cb18a4ee0,acecf2e4e74114faf86df6f9058dad56570179e353292b915ae1a57a1d73efcc,unknown,40746c6f6e6772656e2c34322e3032323731382c2d39332e343532333031
47b19cea381511565e674f022159a81a8380d8990dad9f05c58ade8cb18a4ee0,f9b8a60607bba0233472ff1152a6c822b77140ced6c2b3c33497a9574389fc4f,unknown,40636861726c65792c33372e3737333431372c2d3132322e343133323139
47b19cea381511565e674f022159a81a8380d8990dad9f05c58ade8cb18a4ee0,3ab296690a935f4d89fa03912b7905b9ba1bfb5440d7fe066411371bf9014d3e,unknown,40636861726c65792c33372e3738303435382c2d3132322e343035303430
47b19cea381511565e674f022159a81a8380d8990dad9f05c58ade8cb18a4ee0,d9b7643ff6b6d4c2e8c6a8eb775e2c825a12c77ef561a46b5e2c773c2fc674c6,unknown,40636861726c65792c33342e3032363639362c2d3131382e343934303034
47b19cea381511565e674f022159a81a8380d8990dad9f05c58ade8cb18a4ee0,785a5687b1cc64cc66ae46dc8a3d5a4a3ac5ae9d8c20436ed670db7aaed70d46,unknown,404d657869636f426974636f696e732c33322e3938383632362c2d3131372e323732373631
47b19cea381511565e674f022159a81a8380d8990dad9f05c58ade8cb18a4ee0,b4869429ef0051d60cab9e9459c50838ddad85c97d600eba53c2a76878f67ae0,unknown,40686f73746564766f6970636f6d2c33322e3938383934382c2d3131372e323530323235
47b19cea381511565e674f022159a81a8380d8990dad9f05c58ade8cb18a4ee0,187a6f8f411cc87bafbe69515ba79ad099b8aba9e8acf7f3b4f609d171a73f59,unknown,4070756e74617361666f2c35322e3531323636382c31332e333230303035
47b19cea381511565e674f022159a81a8380d8990dad9f05c58ade8cb18a4ee0,53dce896d84ca33d851ccd4be4d881acdd82f2793abe193a78fc496723f6f2d6,unknown,406d6174746d6174742c33372e3737373730342c2d3132322e343232373833
47b19cea381511565e674f022159a81a8380d8990dad9f05c58ade8cb18a4ee0,b05a98c9a8885a010b9030cd1159993f8b59e74982054012110744a376003d4a,unknown,40636861726c65792c33372e3737373630312c2d3132322e343232353739
47b19cea381511565e674f022159a81a8380d8990dad9f05c58ade8cb18a4ee0,fd7b38d0a70e02de034a3b4c9a2620a0c7b6b0bc3edfd2da7e770f1dbd22cfa9,unknown,40636861726c65792c33372e3737373630312c2d3132322e343232353739
473dc023f28884077e662bbeecde97355ac84da7bd7164e4cd085f9e03ebc293,41b28a42197d3e361494bbbf4acc814562f5c6e54daa59463de71d1c81348edd,unknown,49206465636c617265205368696e79426561647321
473dc023f28884077e662bbeecde97355ac84da7bd7164e4cd085f9e03ebc293,329f3f352cef443746e7fa9e7040706ffb5fa788e52bd921bb3c9a41d71da7fa,unknown,49206465636c6172652044696e676f4275636b7321
473dc023f28884077e662bbeecde97355ac84da7bd7164e4cd085f9e03ebc293,3582df98696aaa3578fdffded2374e5bceb7e59634553a04ac93158a6ad8951f,unknown,49206465636c617265204b6977695368696c6c696e677321
6b4936161a8b8ca1c55f20beede61708cc91329a1484593a28a93c65cf62bf76,acf8d5024a874df4dfd8316325e815e6d09b2e40a06b8f2859e37ea6ac56b6da,unknown,16135495f592d7fddc7960c7821d9a828d
6b4936161a8b8ca1c55f20beede61708cc91329a1484593a28a93c65cf62bf76,2ae48bc73af15a8265cc89d309614c998995e4f79048d36d565fbb5c684a9695,unknown,c3a4c3acc3acc2abc3a4c3a9c2acc39ec390c2b0c384c2b1c3b40003
19863bf333ba7b8cc600d748f34b956c15e2776ab8837f6881ab546576bab048,f59318ef480066f4acaaf20046edf24a2ea8e3913ca17f0e1e4e5f64e57bfb86,unknown,8047b5b23b8b4e02406c8984546e967df87a6c87c1f2e8388a3918817f99b5ef
19863bf333ba7b8cc600d748f34b956c15e2776ab8837f6881ab546576bab048,6d41cd9f8bfd9672fabf9d936f9ab7e0d6fd63cc3c0396884afc54280faf8c82,unknown,459fb6f87918c4140ff65942669553b959c97e3cddf2c5db7c1fbd81c2608445
19863bf333ba7b8cc600d748f34b956c15e2776ab8837f6881ab546576bab048,0a779ba6393e18a79c3aa870038cc8c63a74624613d74e8fbecb3a2a1eb1762b,unknown,c0689e4d2463825ab205a2ef3c9bdc8ae869a3cfde738d1504a352872999bc34
b10d1096f8315666bf6070a7381ea21afea25550458da5be4c46e81dd07aee06,108066536f1e42a729b99267965e9c446c79b8fc38978f62ba66742eb95a1294,unknown,00756e7375636365737366756c20646f75626c652d7370656e6420617474656d707400
f62b7005e8974fd361a8b3cb84ce8dd5d99ea5f3ab691fa02791664ddac36dde,078de168b4b28f8b53be054526624f5da02478520538333a6b9254feb53d6f56,unknown,4b2955f43e949112b6dcfbf4b9a22be65bbf407a44e2f513f995304ca14465ec6a07df7fa4d51716
f62b7005e8974fd361a8b3cb84ce8dd5d99ea5f3ab691fa02791664ddac36dde,2a826c5a784c038dd3e624e37e5e46a0fa03b1bf1725f7c4b9a47ecd1d8a86b3,unknown,3dfe3bfaba7826f7e8f366a7f8d017964a21f89e914513eda7d9e5f4f7f8cac90deee2ceff10d0e5
